<?xml version="1.0" encoding="UTF-8"?>
<beans xmlns="http://www.springframework.org/schema/beans"
 xmlns:context="http://www.springframework.org/schema/context"
 xmlns:mvc="http://www.springframework.org/schema/mvc"
 xmlns:webflow="http://www.springframework.org/schema/webflow-config"
 xmlns:xsi="http://www.w3.org/2001/XMLSchema-instance"
 xsi:schemaLocation="
 http://www.springframework.org/schema/beans
 http://www.springframework.org/schema/beans/spring-beans-4.0.xsd
 http://www.springframework.org/schema/context
 http://www.springframework.org/schema/context/spring-context-4.0.xsd
 http://www.springframework.org/schema/mvc
 http://www.springframework.org/schema/mvc/spring-mvc-3.0.xsd
 http://www.springframework.org/schema/context
 http://www.springframework.org/schema/context/spring-context-3.0.xsd
 http://www.springframework.org/schema/webflow-config
 http://www.springframework.org/schema/webflow-config/spring-webflow-config-2.0.xsd">
 
 <context:component-scan base-package="com.niit.shoppingcart" />
 <mvc:annotation-driven/>
 <mvc:resources mapping="/resources/**"  location="/resources/"/>
 <bean class="org.springframework.web.servlet.view.InternalResourceViewResolver">
 <property name="prefix" value="/WEB-INF/jsp/" />
 <property name="suffix" value=".jsp" />
 </bean>
 <bean id="springSecurityFilterChain" class="org.springframework.web.filter.DelegatingFilterProxy"/>  

 <!-- WEB FLOW CONFIGURATION::CHECKOUT FLOW -->

 <webflow:flow-executor id="flowExecutor"   flow-registry="flowRegistry"/>
 <webflow:flow-registry id="flowRegistry" flow-builder-services="flowBuilderServices" 
                             base-path="/WEB-INF">
 <webflow:flow-location id="cart_checkout" path="/checkout.xml"/>
 </webflow:flow-registry> 

 <webflow:flow-builder-services id="flowBuilderServices" 
                       view-factory-creator="viewFactoryCreator"/>
                       
 <bean id="flowHandlerAdapter" class="org.springframework.webflow.mvc.servlet.FlowHandlerAdapter">
 <property name="flowExecutor" ref="flowExecutor"/>
 </bean>

 <bean id="flowHandlerMapping" class="org.springframework.webflow.mvc.servlet.FlowHandlerMapping">
 <property name="flowRegistry" ref="flowRegistry"/>
 <property name="order" value="0"/>
 </bean>
 <bean class="org.springframework.webflow.mvc.builder.MvcViewFactoryCreator" id="viewFactoryCreator">
 </bean>
 </beans> 