<?xml version="1.0" encoding="UTF-8"?>
<beans xmlns="http://www.springframework.org/schema/beans"
 xmlns:security="http://www.springframework.org/schema/security"
 xmlns:context="http://www.springframework.org/schema/context"
 xmlns:xsi="http://www.w3.org/2001/XMLSchema-instance"
 xsi:schemaLocation="
 http://www.springframework.org/schema/beans     
 http://www.springframework.org/schema/beans/spring-beans-3.0.xsd
 http://www.springframework.org/schema/context 
 http://www.springframework.org/schema/context/spring-context-3.0.xsd
 http://www.springframework.org/schema/security
 http://www.springframework.org/schema/security/spring-security-3.0.xsd">
	
 <security:http auto-config="true"  use-expressions="true">
 <security:intercept-url pattern="/manage**"
          access="hasRole('ROLE_ADMIN')" />
           <security:intercept-url pattern="/homepage"
          access="hasRole('ROLE_ADMIN')"/>
 <security:intercept-url pattern="/myCart/**"
          access="hasRole('ROLE_USER')"/>
 <security:intercept-url pattern="/cart_checkout**"
          access="hasRole('ROLE_USER')"/>
 
          
 <security:form-login login-page="/login"  login-processing-url="/loginProcess" />
    <security:form-login authentication-failure-url="/loginError" default-target-url='/homepage'/>   
        
     <security:access-denied-handler error-page="/accessDenied"/>
     
     <!-- <security:form-login login-page="/login"/> --> 
     <!-- authentication-success-forward-url="/login" -->
     
     </security:http>
     <security:authentication-manager>
     <security:authentication-provider>
     <security:jdbc-user-service data-source-ref="dataSource" 
     users-by-username-query="select name,password,'true' as enabled from user
     where name=?" authorities-by-username-query="select name,role from user where name=?"/>
     </security:authentication-provider>
     </security:authentication-manager>    
     <bean id="springSecurityFilterChain" class="org.springframework.web.filter.DelegatingFilterProxy"/> 
  </beans>